tag,appid
Single-player,2246340
 Multi-player,2246340
 Co-op,2246340
 Online Co-op,2246340
 Cross-Platform Multiplayer,2246340
 Steam Achievements,2246340
 Full controller support,2246340
 Steam Trading Cards,2246340
 Steam Cloud,2246340
 HDR available,2246340
 Family Sharing,2246340
Single-player,1771300
 Steam Achievements,1771300
 Full controller support,1771300
 Steam Trading Cards,1771300
 Steam Cloud,1771300
 Family Sharing,1771300
Single-player,1295660
 Multi-player,1295660
 PvP,1295660
 Online PvP,1295660
 LAN PvP,1295660
 Cross-Platform Multiplayer,1295660
 Steam Achievements,1295660
 Full controller support,1295660
 Steam Trading Cards,1295660
 HDR available,1295660
 Family Sharing,1295660
Single-player,2457220
 Steam Achievements,2457220
 Full controller support,2457220
 Steam Trading Cards,2457220
 Steam Cloud,2457220
 Stats,2457220
 Family Sharing,2457220
Single-player,3241660
 Multi-player,3241660
 Co-op,3241660
 Online Co-op,3241660
 Steam Cloud,3241660
 Family Sharing,3241660
Single-player,3061810
 Steam Achievements,3061810
 Full controller support,3061810
 Steam Trading Cards,3061810
 Steam Cloud,3061810
 Family Sharing,3061810
Single-player,2385530
 Multi-player,2385530
 PvP,2385530
 Online PvP,2385530
 Shared/Split Screen PvP,2385530
 Co-op,2385530
 Online Co-op,2385530
 Shared/Split Screen,2385530
 Steam Achievements,2385530
 Full controller support,2385530
 In-App Purchases,2385530
 HDR available,2385530
 Family Sharing,2385530
Single-player,3244220
 Steam Achievements,3244220
 Full controller support,3244220
 Family Sharing,3244220
Single-player,1763250
 Multi-player,1763250
 Co-op,1763250
 Online Co-op,1763250
 Steam Achievements,1763250
 Full controller support,1763250
 Steam Cloud,1763250
 Family Sharing,1763250
Single-player,1902960
 Steam Achievements,1902960
 Full controller support,1902960
 Steam Cloud,1902960
 Family Sharing,1902960
Single-player,1239080
 Multi-player,1239080
 Co-op,1239080
 Online Co-op,1239080
 Steam Achievements,1239080
 Steam Workshop,1239080
 Steam Cloud,1239080
 Stats,1239080
 Includes level editor,1239080
 Remote Play Together,1239080
 Family Sharing,1239080
Single-player,2073250
 Steam Achievements,2073250
 Steam Trading Cards,2073250
 Steam Workshop,2073250
 Partial Controller Support,2073250
 Steam Cloud,2073250
 Includes level editor,2073250
 Family Sharing,2073250
Single-player,2668430
 Steam Achievements,2668430
 Full controller support,2668430
 Steam Trading Cards,2668430
 Steam Cloud,2668430
 HDR available,2668430
 Family Sharing,2668430
 Steam Timeline,2668430
Single-player,3178350
 Steam Achievements,3178350
 Full controller support,3178350
 Steam Trading Cards,3178350
 Steam Cloud,3178350
 Family Sharing,3178350
Multi-player,2344320
 PvP,2344320
 Online PvP,2344320
 Co-op,2344320
 Online Co-op,2344320
Single-player,2525380
 Full controller support,2525380
 Family Sharing,2525380
Single-player,2376580
 Full controller support,2376580
 In-App Purchases,2376580
Single-player,2756920
 Steam Achievements,2756920
 Full controller support,2756920
 Steam Cloud,2756920
 Family Sharing,2756920
Single-player,2089600
 Steam Achievements,2089600
 Full controller support,2089600
 Steam Cloud,2089600
 Family Sharing,2089600
Single-player,1270580
 Steam Achievements,1270580
 Family Sharing,1270580
Single-player,3300410
 Steam Achievements,3300410
 Partial Controller Support,3300410
Multi-player,2239140
 PvP,2239140
 Online PvP,2239140
 Steam Achievements,2239140
 In-App Purchases,2239140
Single-player,3347400
 In-App Purchases,3347400
Multi-player,3471350
 PvP,3471350
 Online PvP,3471350
 In-App Purchases,3471350
Single-player,3483400
 Multi-player,3483400
 MMO,3483400
 PvP,3483400
 Online PvP,3483400
 LAN PvP,3483400
 Co-op,3483400
 Online Co-op,3483400
 LAN Co-op,3483400
 Shared/Split Screen Co-op,3483400
 Shared/Split Screen,3483400
 Cross-Platform Multiplayer,3483400
 Downloadable Content,3483400
 Steam Achievements,3483400
 Full controller support,3483400
 Includes level editor,3483400
 Remote Play Together,3483400
 Family Sharing,3483400
Single-player,3469800
 Multi-player,3469800
 PvP,3469800
 Online PvP,3469800
 Co-op,3469800
 Online Co-op,3469800
 Downloadable Content,3469800
 Steam Achievements,3469800
 Steam Trading Cards,3469800
 Steam Workshop,3469800
 Stats,3469800
 Family Sharing,3469800
Single-player,2972410
 Multi-player,2972410
 PvP,2972410
 Online PvP,2972410
 Co-op,2972410
 Online Co-op,2972410
 Downloadable Content,2972410
 Steam Achievements,2972410
 In-App Purchases,2972410
 Partial Controller Support,2972410
Single-player,3255980
 Multi-player,3255980
 PvP,3255980
 Online PvP,3255980
 Co-op,3255980
 Online Co-op,3255980
 Downloadable Content,3255980
 Full controller support,3255980
 Steam Cloud,3255980
 Family Sharing,3255980
Single-player,3445910
 Multi-player,3445910
 Co-op,3445910
 Online Co-op,3445910
 Cross-Platform Multiplayer,3445910
 Downloadable Content,3445910
 Steam Achievements,3445910
 Full controller support,3445910
 Steam Trading Cards,3445910
 Steam Workshop,3445910
 In-App Purchases,3445910
 Remote Play on Phone,3445910
 Remote Play on Tablet,3445910
 Remote Play on TV,3445910
 HDR available,3445910
Single-player,2384580
 Steam Achievements,2384580
 Full controller support,2384580
 Steam Trading Cards,2384580
 Steam Cloud,2384580
 HDR available,2384580
 Family Sharing,2384580
Single-player,2909400
 Steam Achievements,2909400
 Full controller support,2909400
 Steam Trading Cards,2909400
 Steam Cloud,2909400
 HDR available,2909400
 Family Sharing,2909400
Single-player,2651280
 Steam Achievements,2651280
 Full controller support,2651280
 Steam Cloud,2651280
 HDR available,2651280
 Family Sharing,2651280
Single-player,3058630
 VR Supported,3058630
 Partial Controller Support,3058630
 Family Sharing,3058630
Single-player,2495100
 Multi-player,2495100
 Co-op,2495100
 Online Co-op,2495100
 Steam Achievements,2495100
 Full controller support,2495100
 Steam Cloud,2495100
 Family Sharing,2495100
Single-player,2634950
 Full controller support,2634950
 Steam Cloud,2634950
 Family Sharing,2634950
Single-player,619820
 Multi-player,619820
 Co-op,619820
 Online Co-op,619820
 Steam Achievements,619820
 Full controller support,619820
 Steam Trading Cards,619820
 Steam Cloud,619820
 Family Sharing,619820
Single-player,690830
 Steam Achievements,690830
 Steam Cloud,690830
 Family Sharing,690830
Single-player,2169200
 Multi-player,2169200
 PvP,2169200
 Online PvP,2169200
 Co-op,2169200
 Online Co-op,2169200
 Cross-Platform Multiplayer,2169200
 Steam Achievements,2169200
 Steam Trading Cards,2169200
 Partial Controller Support,2169200
 Steam Cloud,2169200
 HDR available,2169200
 Family Sharing,2169200
Single-player,1133870
 Steam Cloud,1133870
 Family Sharing,1133870
Single-player,3287520
 Steam Achievements,3287520
 Full controller support,3287520
 Captions available,3287520
 Steam Cloud,3287520
 Stats,3287520
 Steam Leaderboards,3287520
 HDR available,3287520
 Family Sharing,3287520
Single-player,1660080
 Multi-player,1660080
 Co-op,1660080
 Online Co-op,1660080
 Steam Achievements,1660080
 Full controller support,1660080
 Steam Workshop,1660080
 Steam Cloud,1660080
 Family Sharing,1660080
Single-player,3059070
 Multi-player,3059070
 Co-op,3059070
 Online Co-op,3059070
 Steam Achievements,3059070
 Full controller support,3059070
 Family Sharing,3059070
Single-player,1245480
 Multi-player,1245480
 PvP,1245480
 Online PvP,1245480
 Steam Achievements,1245480
 Full controller support,1245480
 In-App Purchases,1245480
 Steam Cloud,1245480
 Family Sharing,1245480
Single-player,1534840
 Multi-player,1534840
 Co-op,1534840
 Online Co-op,1534840
 Full controller support,1534840
 Steam Cloud,1534840
 Family Sharing,1534840
Single-player,516750
 Steam Achievements,516750
 Steam Trading Cards,516750
 Partial Controller Support,516750
 Steam Cloud,516750
 Family Sharing,516750
Single-player,2273980
 Multi-player,2273980
 Co-op,2273980
 Online Co-op,2273980
 Cross-Platform Multiplayer,2273980
 Steam Achievements,2273980
 Full controller support,2273980
 Steam Cloud,2273980
 Family Sharing,2273980
Single-player,2530980
 Steam Achievements,2530980
 Full controller support,2530980
 Steam Cloud,2530980
 Family Sharing,2530980
Single-player,2725260
 Steam Achievements,2725260
 Full controller support,2725260
 Steam Trading Cards,2725260
 Steam Cloud,2725260
 Family Sharing,2725260
Single-player,1426450
 Multi-player,1426450
 Co-op,1426450
 Online Co-op,1426450
 Steam Achievements,1426450
 Steam Trading Cards,1426450
 Steam Cloud,1426450
 Family Sharing,1426450
Multi-player,3198850
 MMO,3198850
 PvP,3198850
 Online PvP,3198850
 Co-op,3198850
 Online Co-op,3198850
 Cross-Platform Multiplayer,3198850
 Steam Achievements,3198850
 In-App Purchases,3198850
 Partial Controller Support,3198850
Single-player,1690710
 Steam Achievements,1690710
 In-App Purchases,1690710
 Partial Controller Support,1690710
 Steam Cloud,1690710
Single-player,2994020
 Multi-player,2994020
 PvP,2994020
 Online PvP,2994020
 LAN PvP,2994020
 In-App Purchases,2994020
Single-player,3174480
 Steam Achievements,3174480
Single-player,3180210
 Multi-player,3180210
 PvP,3180210
 Online PvP,3180210
 Co-op,3180210
 Online Co-op,3180210
 Cross-Platform Multiplayer,3180210
 Downloadable Content,3180210
 Steam Achievements,3180210
 Full controller support,3180210
 Captions available,3180210
 In-App Purchases,3180210
Single-player,3008670
 Downloadable Content,3008670
Downloadable Content,3359730
Single-player,3205310
 Downloadable Content,3205310
 Steam Achievements,3205310
 Steam Trading Cards,3205310
 Steam Workshop,3205310
 Partial Controller Support,3205310
 Steam Cloud,3205310
 Family Sharing,3205310
Single-player,3422870
 Multi-player,3422870
 Co-op,3422870
 Online Co-op,3422870
 LAN Co-op,3422870
 Downloadable Content,3422870
 Steam Achievements,3422870
 Full controller support,3422870
 Steam Cloud,3422870
 Family Sharing,3422870
Single-player,3380110
 Family Sharing,3380110
Single-player,2667120
 Steam Achievements,2667120
 Full controller support,2667120
 Steam Workshop,2667120
 Steam Cloud,2667120
 Family Sharing,2667120
Single-player,2958970
 Steam Achievements,2958970
 Full controller support,2958970
 Steam Cloud,2958970
 Family Sharing,2958970
Single-player,2844850
 Steam Achievements,2844850
 Steam Trading Cards,2844850
 Partial Controller Support,2844850
 Steam Cloud,2844850
 Family Sharing,2844850
Single-player,333640
 Steam Achievements,333640
 Full controller support,333640
 Steam Workshop,333640
 Steam Cloud,333640
 Steam Leaderboards,333640
 Includes level editor,333640
 Family Sharing,333640
Single-player,2677660
 Steam Achievements,2677660
 Full controller support,2677660
 Steam Trading Cards,2677660
 Captions available,2677660
 Steam Cloud,2677660
 HDR available,2677660
 Family Sharing,2677660
Single-player,2507950
 Multi-player,2507950
 MMO,2507950
 PvP,2507950
 Online PvP,2507950
 Co-op,2507950
 Online Co-op,2507950
 Cross-Platform Multiplayer,2507950
 Steam Achievements,2507950
 Steam Trading Cards,2507950
 In-App Purchases,2507950
Single-player,2694490
 Multi-player,2694490
 MMO,2694490
 Co-op,2694490
 Online Co-op,2694490
 Full controller support,2694490
 HDR available,2694490
Multi-player,3107230
 MMO,3107230
 PvP,3107230
 Online PvP,3107230
 Co-op,3107230
 Online Co-op,3107230
 Family Sharing,3107230
Single-player,2521380
 Steam Achievements,2521380
 Full controller support,2521380
 Steam Trading Cards,2521380
 Steam Cloud,2521380
 Family Sharing,2521380
Single-player,2916430
 Multi-player,2916430
 Co-op,2916430
 Online Co-op,2916430
 Steam Achievements,2916430
 Partial Controller Support,2916430
 Steam Cloud,2916430
 Family Sharing,2916430
Single-player,1231560
 Steam Achievements,1231560
 Steam Cloud,1231560
 Family Sharing,1231560
Single-player,1887400
 Steam Achievements,1887400
 Full controller support,1887400
 Steam Cloud,1887400
 Family Sharing,1887400
Single-player,2527500
 Steam Achievements,2527500
 Family Sharing,2527500
Single-player,2460070
 Steam Achievements,2460070
 Steam Cloud,2460070
 Family Sharing,2460070
Multi-player,895400
 MMO,895400
 PvP,895400
 Online PvP,895400
 Co-op,895400
 Online Co-op,895400
 Steam Achievements,895400
 Family Sharing,895400
Multi-player,2767030
 PvP,2767030
 Online PvP,2767030
 Co-op,2767030
 Online Co-op,2767030
 Cross-Platform Multiplayer,2767030
 Steam Achievements,2767030
 Full controller support,2767030
 In-App Purchases,2767030
Multi-player,2963880
 Co-op,2963880
 Online Co-op,2963880
 Full controller support,2963880
 Steam Workshop,2963880
 Steam Cloud,2963880
 Steam Leaderboards,2963880
 Family Sharing,2963880
Single-player,1699480
 Multi-player,1699480
 Co-op,1699480
 Online Co-op,1699480
 LAN Co-op,1699480
 Steam Achievements,1699480
 Steam Workshop,1699480
 Partial Controller Support,1699480
 Steam Cloud,1699480
 Stats,1699480
 Steam Leaderboards,1699480
 Remote Play Together,1699480
 Family Sharing,1699480
Single-player,2289720
 Steam Achievements,2289720
 Captions available,2289720
 Steam Workshop,2289720
 Steam Cloud,2289720
 Family Sharing,2289720
Single-player,2353250
 Steam Achievements,2353250
 Partial Controller Support,2353250
 Steam Cloud,2353250
 Family Sharing,2353250
Single-player,3247080
 Multi-player,3247080
 PvP,3247080
 Online PvP,3247080
 Steam Achievements,3247080
 In-App Purchases,3247080
Single-player,3274300
 Steam Achievements,3274300
 Partial Controller Support,3274300
Multi-player,2962300
 MMO,2962300
 PvP,2962300
 Online PvP,2962300
 Co-op,2962300
 Online Co-op,2962300
 Steam Achievements,2962300
 In-App Purchases,2962300
Single-player,3174120
 Multi-player,3174120
 Co-op,3174120
 Online Co-op,3174120
 Downloadable Content,3174120
 Full controller support,3174120
 Steam Cloud,3174120
Single-player,3130740
 Multi-player,3130740
 PvP,3130740
 Online PvP,3130740
 LAN PvP,3130740
 Co-op,3130740
 Online Co-op,3130740
 LAN Co-op,3130740
 Downloadable Content,3130740
 Steam Achievements,3130740
 Steam Trading Cards,3130740
 Steam Cloud,3130740
 Family Sharing,3130740
Single-player,2604420
 Multi-player,2604420
 Co-op,2604420
 Online Co-op,2604420
 Downloadable Content,2604420
 Steam Achievements,2604420
 Steam Trading Cards,2604420
 Steam Workshop,2604420
 Partial Controller Support,2604420
 Steam Cloud,2604420
 Includes level editor,2604420
 Remote Play on Phone,2604420
 Remote Play on Tablet,2604420
 Remote Play Together,2604420
 Family Sharing,2604420
Single-player,3130750
 Multi-player,3130750
 PvP,3130750
 Online PvP,3130750
 LAN PvP,3130750
 Co-op,3130750
 Online Co-op,3130750
 LAN Co-op,3130750
 Downloadable Content,3130750
 Steam Achievements,3130750
 Steam Trading Cards,3130750
 Steam Cloud,3130750
 Family Sharing,3130750
Single-player,2574900
 Multi-player,2574900
 PvP,2574900
 Online PvP,2574900
 LAN PvP,2574900
 Co-op,2574900
 Online Co-op,2574900
 LAN Co-op,2574900
 Downloadable Content,2574900
 Steam Achievements,2574900
 Steam Trading Cards,2574900
 Steam Cloud,2574900
 Family Sharing,2574900
